"DESCRIPTION","DURATION IN MS","NAME","PARENT SUITE","START TIME","STATUS","STOP TIME","SUB SUITE","SUITE","TEST CLASS","TEST METHOD"
"","344","testBalancesLoading[Astar]","","2026-08-22","passed","2026-08-22","","io.novafoundation.nova.balances.BalancesIntegrationTest","io.novafoundation.nova.balances.BalancesIntegrationTest","testBalancesLoading[Astar]"
"","795","testFeeLoading[Polkadot People]","","2026-08-22","passed","2026-08-22","","io.novafoundation.nova.balances.BalancesIntegrationTest","io.novafoundation.nova.balances.BalancesIntegrationTest","testFeeLoading[Polkadot People]"
"","290","testBalancesLoading[DENTNet]","","2026-08-22","passed","2026-08-22","","io.novafoundation.nova.balances.BalancesIntegrationTest","io.novafoundation.nova.balances.BalancesIntegrationTest","testBalancesLoading[DENTNet]"
"","1717","testFeeLoading[Astar]","","2026-08-22","passed","2026-08-22","","io.novafoundation.nova.balances.BalancesIntegrationTest","io.novafoundation.nova.balances.BalancesIntegrationTest","testFeeLoading[Astar]"
"","173","testBalancesLoading[CC Enterprise]","","2026-08-22","passed","2026-08-22","","io.novafoundation.nova.balances.BalancesIntegrationTest","io.novafoundation.nova.balances.BalancesIntegrationTest","testBalancesLoading[CC Enterprise]"
"","812","testFeeLoading[Vara]","","2026-08-22","passed","2026-08-22","","io.novafoundation.nova.balances.BalancesIntegrationTest","io.novafoundation.nova.balances.BalancesIntegrationTest","testFeeLoading[Vara]"
"","164","testBalancesLoading[Vara]","","2026-08-22","passed","2026-08-22","","io.novafoundation.nova.balances.BalancesIntegrationTest","io.novafoundation.nova.balances.BalancesIntegrationTest","testBalancesLoading[Vara]"
"","162","testBalancesLoading[Karura]","","2026-08-22","passed","2026-08-22","","io.novafoundation.nova.balances.BalancesIntegrationTest","io.novafoundation.nova.balances.BalancesIntegrationTest","testBalancesLoading[Karura]"
"","794","testFeeLoading[Bifrost Polkadot]","","2026-08-22","passed","2026-08-22","","io.novafoundation.nova.balances.BalancesIntegrationTest","io.novafoundation.nova.balances.BalancesIntegrationTest","testFeeLoading[Bifrost Polkadot]"
"","349","testBalancesLoading[Pezkuwi People]","","2026-08-22","passed","2026-08-22","","io.novafoundation.nova.balances.BalancesIntegrationTest","io.novafoundation.nova.balances.BalancesIntegrationTest","testBalancesLoading[Pezkuwi People]"
"","72","testBalancesLoading[Polkadot Coretime]","","2026-08-22","passed","2026-08-22","","io.novafoundation.nova.balances.BalancesIntegrationTest","io.novafoundation.nova.balances.BalancesIntegrationTest","testBalancesLoading[Polkadot Coretime]"
"","117","testFeeLoading[Aleph Zero]","","2026-08-22","passed","2026-08-22","","io.novafoundation.nova.balances.BalancesIntegrationTest","io.novafoundation.nova.balances.BalancesIntegrationTest","testFeeLoading[Aleph Zero]"
"","897","testFeeLoading[Bifrost]","","2026-08-22","passed","2026-08-22","","io.novafoundation.nova.balances.BalancesIntegrationTest","io.novafoundation.nova.balances.BalancesIntegrationTest","testFeeLoading[Bifrost]"
"","459","testFeeLoading[Enjin Relay]","","2026-08-22","passed","2026-08-22","","io.novafoundation.nova.balances.BalancesIntegrationTest","io.novafoundation.nova.balances.BalancesIntegrationTest","testFeeLoading[Enjin Relay]"
"","85","testBalancesLoading[Polkadex Solochain]","","2026-08-22","passed","2026-08-22","","io.novafoundation.nova.balances.BalancesIntegrationTest","io.novafoundation.nova.balances.BalancesIntegrationTest","testBalancesLoading[Polkadex Solochain]"
"","848","testFeeLoading[Basilisk]","","2026-08-22","passed","2026-08-22","","io.novafoundation.nova.balances.BalancesIntegrationTest","io.novafoundation.nova.balances.BalancesIntegrationTest","testFeeLoading[Basilisk]"
"","792","testFeeLoading[Kusama Bridge Hub]","","2026-08-22","passed","2026-08-22","","io.novafoundation.nova.balances.BalancesIntegrationTest","io.novafoundation.nova.balances.BalancesIntegrationTest","testFeeLoading[Kusama Bridge Hub]"
"","38","testBalancesLoading[Polymesh Mainnet]","","2026-08-22","passed","2026-08-22","","io.novafoundation.nova.balances.BalancesIntegrationTest","io.novafoundation.nova.balances.BalancesIntegrationTest","testBalancesLoading[Polymesh Mainnet]"
"","363","testFeeLoading[GIANT]","","2026-08-22","passed","2026-08-22","","io.novafoundation.nova.balances.BalancesIntegrationTest","io.novafoundation.nova.balances.BalancesIntegrationTest","testFeeLoading[GIANT]"
"","78","testBalancesLoading[GIANT]","","2026-08-22","passed","2026-08-22","","io.novafoundation.nova.balances.BalancesIntegrationTest","io.novafoundation.nova.balances.BalancesIntegrationTest","testBalancesLoading[GIANT]"
"","439","testFeeLoading[Enjin Matrixchain]","","2026-08-22","passed","2026-08-22","","io.novafoundation.nova.balances.BalancesIntegrationTest","io.novafoundation.nova.balances.BalancesIntegrationTest","testFeeLoading[Enjin Matrixchain]"
"","816","testFeeLoading[Cere]","","2026-08-22","passed","2026-08-22","","io.novafoundation.nova.balances.BalancesIntegrationTest","io.novafoundation.nova.balances.BalancesIntegrationTest","testFeeLoading[Cere]"
"","164","testBalancesLoading[OriginTrail Parachain]","","2026-08-22","passed","2026-08-22","","io.novafoundation.nova.balances.BalancesIntegrationTest","io.novafoundation.nova.balances.BalancesIntegrationTest","testBalancesLoading[OriginTrail Parachain]"
"","162","testBalancesLoading[Polkadot Bridge Hub]","","2026-08-22","passed","2026-08-22","","io.novafoundation.nova.balances.BalancesIntegrationTest","io.novafoundation.nova.balances.BalancesIntegrationTest","testBalancesLoading[Polkadot Bridge Hub]"
"","816","testFeeLoading[Pezkuwi]","","2026-08-22","passed","2026-08-22","","io.novafoundation.nova.balances.BalancesIntegrationTest","io.novafoundation.nova.balances.BalancesIntegrationTest","testFeeLoading[Pezkuwi]"
"","379","testFeeLoading[Frequency]","","2026-08-22","passed","2026-08-22","","io.novafoundation.nova.balances.BalancesIntegrationTest","io.novafoundation.nova.balances.BalancesIntegrationTest","testFeeLoading[Frequency]"
"","29","testBalancesLoading[Aleph Zero]","","2026-08-22","passed","2026-08-22","","io.novafoundation.nova.balances.BalancesIntegrationTest","io.novafoundation.nova.balances.BalancesIntegrationTest","testBalancesLoading[Aleph Zero]"
"","720","testFeeLoading[Acala]","","2026-08-22","passed","2026-08-22","","io.novafoundation.nova.balances.BalancesIntegrationTest","io.novafoundation.nova.balances.BalancesIntegrationTest","testFeeLoading[Acala]"
"","1063","testFeeLoading[XX network]","","2026-08-22","passed","2026-08-22","","io.novafoundation.nova.balances.BalancesIntegrationTest","io.novafoundation.nova.balances.BalancesIntegrationTest","testFeeLoading[XX network]"
"","155","testBalancesLoading[Polkadot Collectives]","","2026-08-22","passed","2026-08-22","","io.novafoundation.nova.balances.BalancesIntegrationTest","io.novafoundation.nova.balances.BalancesIntegrationTest","testBalancesLoading[Polkadot Collectives]"
"","149","testBalancesLoading[Aventus]","","2026-08-22","passed","2026-08-22","","io.novafoundation.nova.balances.BalancesIntegrationTest","io.novafoundation.nova.balances.BalancesIntegrationTest","testBalancesLoading[Aventus]"
"","79","testBalancesLoading[Avail]","","2026-08-22","passed","2026-08-22","","io.novafoundation.nova.balances.BalancesIntegrationTest","io.novafoundation.nova.balances.BalancesIntegrationTest","testBalancesLoading[Avail]"
"","784","testFeeLoading[CC Enterprise]","","2026-08-22","passed","2026-08-22","","io.novafoundation.nova.balances.BalancesIntegrationTest","io.novafoundation.nova.balances.BalancesIntegrationTest","testFeeLoading[CC Enterprise]"
"","868","testFeeLoading[Ajuna]","","2026-08-22","passed","2026-08-22","","io.novafoundation.nova.balances.BalancesIntegrationTest","io.novafoundation.nova.balances.BalancesIntegrationTest","testFeeLoading[Ajuna]"
"","894","testFeeLoading[Manta]","","2026-08-22","passed","2026-08-22","","io.novafoundation.nova.balances.BalancesIntegrationTest","io.novafoundation.nova.balances.BalancesIntegrationTest","testFeeLoading[Manta]"
"","394","testFeeLoading[Bittensor]","","2026-08-22","passed","2026-08-22","","io.novafoundation.nova.balances.BalancesIntegrationTest","io.novafoundation.nova.balances.BalancesIntegrationTest","testFeeLoading[Bittensor]"
"","185","testBalancesLoading[Kusama]","","2026-08-22","passed","2026-08-22","","io.novafoundation.nova.balances.BalancesIntegrationTest","io.novafoundation.nova.balances.BalancesIntegrationTest","testBalancesLoading[Kusama]"
"","175","testBalancesLoading[Ajuna]","","2026-08-22","passed","2026-08-22","","io.novafoundation.nova.balances.BalancesIntegrationTest","io.novafoundation.nova.balances.BalancesIntegrationTest","testBalancesLoading[Ajuna]"
"","182","testBalancesLoading[Manta]","","2026-08-22","passed","2026-08-22","","io.novafoundation.nova.balances.BalancesIntegrationTest","io.novafoundation.nova.balances.BalancesIntegrationTest","testBalancesLoading[Manta]"
"","78","testBalancesLoading[Frequency]","","2026-08-22","passed","2026-08-22","","io.novafoundation.nova.balances.BalancesIntegrationTest","io.novafoundation.nova.balances.BalancesIntegrationTest","testBalancesLoading[Frequency]"
"","173","testBalancesLoading[Basilisk]","","2026-08-22","passed","2026-08-22","","io.novafoundation.nova.balances.BalancesIntegrationTest","io.novafoundation.nova.balances.BalancesIntegrationTest","testBalancesLoading[Basilisk]"
"","208","testBalancesLoading[Statemint]","","2026-08-22","passed","2026-08-22","","io.novafoundation.nova.balances.BalancesIntegrationTest","io.novafoundation.nova.balances.BalancesIntegrationTest","testBalancesLoading[Statemint]"
"","797","testFeeLoading[UNIQUE]","","2026-08-22","passed","2026-08-22","","io.novafoundation.nova.balances.BalancesIntegrationTest","io.novafoundation.nova.balances.BalancesIntegrationTest","testFeeLoading[UNIQUE]"
"","183","testBalancesLoading[Polkadot]","","2026-08-22","passed","2026-08-22","","io.novafoundation.nova.balances.BalancesIntegrationTest","io.novafoundation.nova.balances.BalancesIntegrationTest","testBalancesLoading[Polkadot]"
"","161","testBalancesLoading[Ternoa]","","2026-08-22","passed","2026-08-22","","io.novafoundation.nova.balances.BalancesIntegrationTest","io.novafoundation.nova.balances.BalancesIntegrationTest","testBalancesLoading[Ternoa]"
"","1590","testFeeLoading[Pezkuwi Asset Hub]","","2026-08-22","passed","2026-08-22","","io.novafoundation.nova.balances.BalancesIntegrationTest","io.novafoundation.nova.balances.BalancesIntegrationTest","testFeeLoading[Pezkuwi Asset Hub]"
"","445","testFeeLoading[Energy Web X]","","2026-08-22","passed","2026-08-22","","io.novafoundation.nova.balances.BalancesIntegrationTest","io.novafoundation.nova.balances.BalancesIntegrationTest","testFeeLoading[Energy Web X]"
"","1678","testFeeLoading[Pezkuwi People]","","2026-08-22","passed","2026-08-22","","io.novafoundation.nova.balances.BalancesIntegrationTest","io.novafoundation.nova.balances.BalancesIntegrationTest","testFeeLoading[Pezkuwi People]"
"","360","testBalancesLoading[Pezkuwi Asset Hub]","","2026-08-22","passed","2026-08-22","","io.novafoundation.nova.balances.BalancesIntegrationTest","io.novafoundation.nova.balances.BalancesIntegrationTest","testBalancesLoading[Pezkuwi Asset Hub]"
"","97","testBalancesLoading[Enjin Relay]","","2026-08-22","passed","2026-08-22","","io.novafoundation.nova.balances.BalancesIntegrationTest","io.novafoundation.nova.balances.BalancesIntegrationTest","testBalancesLoading[Enjin Relay]"
"","171","testBalancesLoading[Litentry]","","2026-08-22","passed","2026-08-22","","io.novafoundation.nova.balances.BalancesIntegrationTest","io.novafoundation.nova.balances.BalancesIntegrationTest","testBalancesLoading[Litentry]"
"","7630","testBalancesLoading[Shiden]","","2026-08-22","passed","2026-08-22","","io.novafoundation.nova.balances.BalancesIntegrationTest","io.novafoundation.nova.balances.BalancesIntegrationTest","testBalancesLoading[Shiden]"
"","787","testFeeLoading[Ternoa]","","2026-08-22","passed","2026-08-22","","io.novafoundation.nova.balances.BalancesIntegrationTest","io.novafoundation.nova.balances.BalancesIntegrationTest","testFeeLoading[Ternoa]"
"","721","testFeeLoading[Aventus]","","2026-08-22","passed","2026-08-22","","io.novafoundation.nova.balances.BalancesIntegrationTest","io.novafoundation.nova.balances.BalancesIntegrationTest","testFeeLoading[Aventus]"
"","826","testFeeLoading[Westend]","","2026-08-22","passed","2026-08-22","","io.novafoundation.nova.balances.BalancesIntegrationTest","io.novafoundation.nova.balances.BalancesIntegrationTest","testFeeLoading[Westend]"
"","73","testBalancesLoading[Kusama Coretime]","","2026-08-22","passed","2026-08-22","","io.novafoundation.nova.balances.BalancesIntegrationTest","io.novafoundation.nova.balances.BalancesIntegrationTest","testBalancesLoading[Kusama Coretime]"
"","80064","testFeeLoading[Altair]","","2026-08-22","skipped","2026-08-22","","io.novafoundation.nova.balances.BalancesIntegrationTest","io.novafoundation.nova.balances.BalancesIntegrationTest","testFeeLoading[Altair]"
"","931","testFeeLoading[Kusama]","","2026-08-22","passed","2026-08-22","","io.novafoundation.nova.balances.BalancesIntegrationTest","io.novafoundation.nova.balances.BalancesIntegrationTest","testFeeLoading[Kusama]"
"","796","testFeeLoading[Polkadot Collectives]","","2026-08-22","passed","2026-08-22","","io.novafoundation.nova.balances.BalancesIntegrationTest","io.novafoundation.nova.balances.BalancesIntegrationTest","testFeeLoading[Polkadot Collectives]"
"","87","testTrc20BalanceLoadingForNeverActivatedHolder","","2026-08-22","passed","2026-08-22","","io.novafoundation.nova.balances.TronBalancesIntegrationTest","io.novafoundation.nova.balances.TronBalancesIntegrationTest","testTrc20BalanceLoadingForNeverActivatedHolder"
"","167","testBalancesLoading[Acala]","","2026-08-22","passed","2026-08-22","","io.novafoundation.nova.balances.BalancesIntegrationTest","io.novafoundation.nova.balances.BalancesIntegrationTest","testBalancesLoading[Acala]"
"","1416","testFeeLoading[DENTNet]","","2026-08-22","passed","2026-08-22","","io.novafoundation.nova.balances.BalancesIntegrationTest","io.novafoundation.nova.balances.BalancesIntegrationTest","testFeeLoading[DENTNet]"
"","165","testBalancesLoading[Kusama People]","","2026-08-22","passed","2026-08-22","","io.novafoundation.nova.balances.BalancesIntegrationTest","io.novafoundation.nova.balances.BalancesIntegrationTest","testBalancesLoading[Kusama People]"
"","82","testBalancesLoading[Altair]","","2026-08-22","passed","2026-08-22","","io.novafoundation.nova.balances.BalancesIntegrationTest","io.novafoundation.nova.balances.BalancesIntegrationTest","testBalancesLoading[Altair]"
"","1091","testFeeLoading[JAMTON]","","2026-08-22","passed","2026-08-22","","io.novafoundation.nova.balances.BalancesIntegrationTest","io.novafoundation.nova.balances.BalancesIntegrationTest","testFeeLoading[JAMTON]"
"","80066","testBalancesLoading[Moonriver]","","2026-08-22","skipped","2026-08-22","","io.novafoundation.nova.balances.BalancesIntegrationTest","io.novafoundation.nova.balances.BalancesIntegrationTest","testBalancesLoading[Moonriver]"
"","792","testFeeLoading[Centrifuge Parachain]","","2026-08-22","passed","2026-08-22","","io.novafoundation.nova.balances.BalancesIntegrationTest","io.novafoundation.nova.balances.BalancesIntegrationTest","testFeeLoading[Centrifuge Parachain]"
"","63","testBalancesLoading[Kreivo]","","2026-08-22","passed","2026-08-22","","io.novafoundation.nova.balances.BalancesIntegrationTest","io.novafoundation.nova.balances.BalancesIntegrationTest","testBalancesLoading[Kreivo]"
"","368","testFeeLoading[Avail]","","2026-08-22","passed","2026-08-22","","io.novafoundation.nova.balances.BalancesIntegrationTest","io.novafoundation.nova.balances.BalancesIntegrationTest","testFeeLoading[Avail]"
"","181","testBalancesLoading[Humanode]","","2026-08-22","passed","2026-08-22","","io.novafoundation.nova.balances.BalancesIntegrationTest","io.novafoundation.nova.balances.BalancesIntegrationTest","testBalancesLoading[Humanode]"
"","13","testBalancesLoading[Creditcoin]","","2026-08-22","passed","2026-08-22","","io.novafoundation.nova.balances.BalancesIntegrationTest","io.novafoundation.nova.balances.BalancesIntegrationTest","testBalancesLoading[Creditcoin]"
"","163","testBalancesLoading[Robonomics]","","2026-08-22","passed","2026-08-22","","io.novafoundation.nova.balances.BalancesIntegrationTest","io.novafoundation.nova.balances.BalancesIntegrationTest","testBalancesLoading[Robonomics]"
"","796","testFeeLoading[Karura]","","2026-08-22","passed","2026-08-22","","io.novafoundation.nova.balances.BalancesIntegrationTest","io.novafoundation.nova.balances.BalancesIntegrationTest","testFeeLoading[Karura]"
"","163","testBalancesLoading[UNIQUE]","","2026-08-22","passed","2026-08-22","","io.novafoundation.nova.balances.BalancesIntegrationTest","io.novafoundation.nova.balances.BalancesIntegrationTest","testBalancesLoading[UNIQUE]"
"","166","testBalancesLoading[Centrifuge Parachain]","","2026-08-22","passed","2026-08-22","","io.novafoundation.nova.balances.BalancesIntegrationTest","io.novafoundation.nova.balances.BalancesIntegrationTest","testBalancesLoading[Centrifuge Parachain]"
"","218","testBalancesLoading[JAMTON]","","2026-08-22","passed","2026-08-22","","io.novafoundation.nova.balances.BalancesIntegrationTest","io.novafoundation.nova.balances.BalancesIntegrationTest","testBalancesLoading[JAMTON]"
"","80117","testBalancesLoading[Moonbeam]","","2026-08-22","skipped","2026-08-22","","io.novafoundation.nova.balances.BalancesIntegrationTest","io.novafoundation.nova.balances.BalancesIntegrationTest","testBalancesLoading[Moonbeam]"
"","806","testFeeLoading[Robonomics]","","2026-08-22","passed","2026-08-22","","io.novafoundation.nova.balances.BalancesIntegrationTest","io.novafoundation.nova.balances.BalancesIntegrationTest","testFeeLoading[Robonomics]"
"","80070","testFeeLoading[Moonriver]","","2026-08-22","skipped","2026-08-22","","io.novafoundation.nova.balances.BalancesIntegrationTest","io.novafoundation.nova.balances.BalancesIntegrationTest","testFeeLoading[Moonriver]"
"","1050","testFeeLoading[Statemint]","","2026-08-22","passed","2026-08-22","","io.novafoundation.nova.balances.BalancesIntegrationTest","io.novafoundation.nova.balances.BalancesIntegrationTest","testFeeLoading[Statemint]"
"","358","testFeeLoading[Polkadot Coretime]","","2026-08-22","passed","2026-08-22","","io.novafoundation.nova.balances.BalancesIntegrationTest","io.novafoundation.nova.balances.BalancesIntegrationTest","testFeeLoading[Polkadot Coretime]"
"","834","testFeeLoading[Acurast]","","2026-08-22","passed","2026-08-22","","io.novafoundation.nova.balances.BalancesIntegrationTest","io.novafoundation.nova.balances.BalancesIntegrationTest","testFeeLoading[Acurast]"
"","80076","testBalancesLoading[Crust Polkadot Parachain]","","2026-08-22","skipped","2026-08-22","","io.novafoundation.nova.balances.BalancesIntegrationTest","io.novafoundation.nova.balances.BalancesIntegrationTest","testBalancesLoading[Crust Polkadot Parachain]"
"","93","testBalancesLoading[Energy Web X]","","2026-08-22","passed","2026-08-22","","io.novafoundation.nova.balances.BalancesIntegrationTest","io.novafoundation.nova.balances.BalancesIntegrationTest","testBalancesLoading[Energy Web X]"
"","153","testTrc20UsdtBalanceLoading","","2026-08-22","passed","2026-08-22","","io.novafoundation.nova.balances.TronBalancesIntegrationTest","io.novafoundation.nova.balances.TronBalancesIntegrationTest","testTrc20UsdtBalanceLoading"
"","831","testFeeLoading[Humanode]","","2026-08-22","passed","2026-08-22","","io.novafoundation.nova.balances.BalancesIntegrationTest","io.novafoundation.nova.balances.BalancesIntegrationTest","testFeeLoading[Humanode]"
"","162","testBalancesLoading[Bifrost Polkadot]","","2026-08-22","passed","2026-08-22","","io.novafoundation.nova.balances.BalancesIntegrationTest","io.novafoundation.nova.balances.BalancesIntegrationTest","testBalancesLoading[Bifrost Polkadot]"
"","803","testFeeLoading[Acurast Canary]","","2026-08-22","passed","2026-08-22","","io.novafoundation.nova.balances.BalancesIntegrationTest","io.novafoundation.nova.balances.BalancesIntegrationTest","testFeeLoading[Acurast Canary]"
"","346","testFeeLoading[Kusama Coretime]","","2026-08-22","passed","2026-08-22","","io.novafoundation.nova.balances.BalancesIntegrationTest","io.novafoundation.nova.balances.BalancesIntegrationTest","testFeeLoading[Kusama Coretime]"
"","311","testFeeLoading[Pendulum]","","2026-08-22","passed","2026-08-22","","io.novafoundation.nova.balances.BalancesIntegrationTest","io.novafoundation.nova.balances.BalancesIntegrationTest","testFeeLoading[Pendulum]"
"","168","testBalancesLoading[Acurast]","","2026-08-22","passed","2026-08-22","","io.novafoundation.nova.balances.BalancesIntegrationTest","io.novafoundation.nova.balances.BalancesIntegrationTest","testBalancesLoading[Acurast]"
"","80068","testFeeLoading[Moonbeam]","","2026-08-22","skipped","2026-08-22","","io.novafoundation.nova.balances.BalancesIntegrationTest","io.novafoundation.nova.balances.BalancesIntegrationTest","testFeeLoading[Moonbeam]"
"","800","testFeeLoading[Kusama People]","","2026-08-22","passed","2026-08-22","","io.novafoundation.nova.balances.BalancesIntegrationTest","io.novafoundation.nova.balances.BalancesIntegrationTest","testFeeLoading[Kusama People]"
"","160","testBalancesLoading[Kusama Bridge Hub]","","2026-08-22","passed","2026-08-22","","io.novafoundation.nova.balances.BalancesIntegrationTest","io.novafoundation.nova.balances.BalancesIntegrationTest","testBalancesLoading[Kusama Bridge Hub]"
"","4980","testPezkuwiEcosystemAssetsActuallySync","","2026-08-22","passed","2026-08-22","","io.novafoundation.nova.balances.PezkuwiFullArchitectureBalancesTest","io.novafoundation.nova.balances.PezkuwiFullArchitectureBalancesTest","testPezkuwiEcosystemAssetsActuallySync"
"","796","testFeeLoading[Polkadot Bridge Hub]","","2026-08-22","passed","2026-08-22","","io.novafoundation.nova.balances.BalancesIntegrationTest","io.novafoundation.nova.balances.BalancesIntegrationTest","testFeeLoading[Polkadot Bridge Hub]"
"","61","testBalancesLoading[Pendulum]","","2026-08-22","passed","2026-08-22","","io.novafoundation.nova.balances.BalancesIntegrationTest","io.novafoundation.nova.balances.BalancesIntegrationTest","testBalancesLoading[Pendulum]"
"","165","testBalancesLoading[Westend]","","2026-08-22","passed","2026-08-22","","io.novafoundation.nova.balances.BalancesIntegrationTest","io.novafoundation.nova.balances.BalancesIntegrationTest","testBalancesLoading[Westend]"
"","289","testNativeTrxBalanceLoading","","2026-08-22","passed","2026-08-22","","io.novafoundation.nova.balances.TronBalancesIntegrationTest","io.novafoundation.nova.balances.TronBalancesIntegrationTest","testNativeTrxBalanceLoading"
"","95","testFeeLoading[Creditcoin]","","2026-08-22","passed","2026-08-22","","io.novafoundation.nova.balances.BalancesIntegrationTest","io.novafoundation.nova.balances.BalancesIntegrationTest","testFeeLoading[Creditcoin]"
"","839","testFeeLoading[HydraDX]","","2026-08-22","passed","2026-08-22","","io.novafoundation.nova.balances.BalancesIntegrationTest","io.novafoundation.nova.balances.BalancesIntegrationTest","testFeeLoading[HydraDX]"
"","169","testBalancesLoading[Cere]","","2026-08-22","passed","2026-08-22","","io.novafoundation.nova.balances.BalancesIntegrationTest","io.novafoundation.nova.balances.BalancesIntegrationTest","testBalancesLoading[Cere]"
"","166","testBalancesLoading[Acurast Canary]","","2026-08-22","passed","2026-08-22","","io.novafoundation.nova.balances.BalancesIntegrationTest","io.novafoundation.nova.balances.BalancesIntegrationTest","testBalancesLoading[Acurast Canary]"
"","1433","testFeeLoading[Shiden]","","2026-08-22","passed","2026-08-22","","io.novafoundation.nova.balances.BalancesIntegrationTest","io.novafoundation.nova.balances.BalancesIntegrationTest","testFeeLoading[Shiden]"
"","930","testFeeLoading[Encointer]","","2026-08-22","passed","2026-08-22","","io.novafoundation.nova.balances.BalancesIntegrationTest","io.novafoundation.nova.balances.BalancesIntegrationTest","testFeeLoading[Encointer]"
"","188","testBalancesLoading[Pezkuwi]","","2026-08-22","passed","2026-08-22","","io.novafoundation.nova.balances.BalancesIntegrationTest","io.novafoundation.nova.balances.BalancesIntegrationTest","testBalancesLoading[Pezkuwi]"
"","860","testFeeLoading[Litentry]","","2026-08-22","passed","2026-08-22","","io.novafoundation.nova.balances.BalancesIntegrationTest","io.novafoundation.nova.balances.BalancesIntegrationTest","testFeeLoading[Litentry]"
"","693","testFeeLoading[DeepBrain]","","2026-08-22","passed","2026-08-22","","io.novafoundation.nova.balances.BalancesIntegrationTest","io.novafoundation.nova.balances.BalancesIntegrationTest","testFeeLoading[DeepBrain]"
"","891","testFeeLoading[Polkadot]","","2026-08-22","passed","2026-08-22","","io.novafoundation.nova.balances.BalancesIntegrationTest","io.novafoundation.nova.balances.BalancesIntegrationTest","testFeeLoading[Polkadot]"
"","803","testFeeLoading[OriginTrail Parachain]","","2026-08-22","passed","2026-08-22","","io.novafoundation.nova.balances.BalancesIntegrationTest","io.novafoundation.nova.balances.BalancesIntegrationTest","testFeeLoading[OriginTrail Parachain]"
"","174","testBalancesLoading[Polkadot People]","","2026-08-22","passed","2026-08-22","","io.novafoundation.nova.balances.BalancesIntegrationTest","io.novafoundation.nova.balances.BalancesIntegrationTest","testBalancesLoading[Polkadot People]"
"","93","testBalancesLoading[Enjin Matrixchain]","","2026-08-22","passed","2026-08-22","","io.novafoundation.nova.balances.BalancesIntegrationTest","io.novafoundation.nova.balances.BalancesIntegrationTest","testBalancesLoading[Enjin Matrixchain]"
"","415","testFeeLoading[Polkadex Solochain]","","2026-08-22","passed","2026-08-22","","io.novafoundation.nova.balances.BalancesIntegrationTest","io.novafoundation.nova.balances.BalancesIntegrationTest","testFeeLoading[Polkadex Solochain]"
"","168","testFeeLoading[Polymesh Mainnet]","","2026-08-22","passed","2026-08-22","","io.novafoundation.nova.balances.BalancesIntegrationTest","io.novafoundation.nova.balances.BalancesIntegrationTest","testFeeLoading[Polymesh Mainnet]"
"","280","testFeeLoading[Kreivo]","","2026-08-22","passed","2026-08-22","","io.novafoundation.nova.balances.BalancesIntegrationTest","io.novafoundation.nova.balances.BalancesIntegrationTest","testFeeLoading[Kreivo]"
"","142","testBalancesLoading[DeepBrain]","","2026-08-22","passed","2026-08-22","","io.novafoundation.nova.balances.BalancesIntegrationTest","io.novafoundation.nova.balances.BalancesIntegrationTest","testBalancesLoading[DeepBrain]"
"","179","testBalancesLoading[Bifrost]","","2026-08-22","passed","2026-08-22","","io.novafoundation.nova.balances.BalancesIntegrationTest","io.novafoundation.nova.balances.BalancesIntegrationTest","testBalancesLoading[Bifrost]"
"","82","testBalancesLoading[Bittensor]","","2026-08-22","passed","2026-08-22","","io.novafoundation.nova.balances.BalancesIntegrationTest","io.novafoundation.nova.balances.BalancesIntegrationTest","testBalancesLoading[Bittensor]"
"","216","testBalancesLoading[XX network]","","2026-08-22","passed","2026-08-22","","io.novafoundation.nova.balances.BalancesIntegrationTest","io.novafoundation.nova.balances.BalancesIntegrationTest","testBalancesLoading[XX network]"
"","180","testBalancesLoading[Encointer]","","2026-08-22","passed","2026-08-22","","io.novafoundation.nova.balances.BalancesIntegrationTest","io.novafoundation.nova.balances.BalancesIntegrationTest","testBalancesLoading[Encointer]"
"","80067","testFeeLoading[Crust Polkadot Parachain]","","2026-08-22","skipped","2026-08-22","","io.novafoundation.nova.balances.BalancesIntegrationTest","io.novafoundation.nova.balances.BalancesIntegrationTest","testFeeLoading[Crust Polkadot Parachain]"
"","165","testBalancesLoading[HydraDX]","","2026-08-22","passed","2026-08-22","","io.novafoundation.nova.balances.BalancesIntegrationTest","io.novafoundation.nova.balances.BalancesIntegrationTest","testBalancesLoading[HydraDX]"
